eic_id,eic_gpn,eic_bu_code
19,CN010046232,CN403
35,CN010046454,CN405
39,CN010046247,CN403
66,CN010046536,CN403
79,CN01078X402,CN403
103,CN010046688,CN403
159,CN010046617,CN403
179,CN010046858,CN409
234,CN010047026,CN401
236,CN010047033,CN401
511,CN010010068,CN403
560,CN010010130,CN401
1044,CN010058488,CN407
1048,CN010058567,CN401
1067,CN010059186,CN401
1119,HK010061459,HK001
1152,CN010062085,CN401
1153,CN010062091,CN401
1275,CN010058715,CN401
1365,CN010059281,CN401
1367,CN010073030,CN401
1394,HK010059853,HK001
1450,CN010068708,CN403
1500,CN010071151,CN401
1684,CN010043362,CN403
1772,CN010044432,CN401
1773,CN010044487,CN401
1778,CN010044508,CN401
1906,CN010045052,CN413
1930,CN010043313,CN403
1982,CN010043390,CN403
2098,CN010057785,CN403
2102,CN010058333,CN401
2104,CN010058338,CN401
2124,CN010057796,CN403
2129,CN010058550,CN407
2225,CN010057982,CN403
2297,CN010057708,CN403
2460,CN010058587,CN406
2487,CN010058367,CN401
2652,CN010045500,CN407
2766,CN010044859,CN401
2811,CN01077X659,CN401
3026,CN010047875,CN407
3103,CN010048128,CN405
3187,CN010047944,CN405
3230,CN010048153,CN405
3697,HK010057252,HK001
3928,CN010057996,CN406
4028,CN010061812,CN417
4067,CN010062519,CN401
4208,CN010076765,CN403
4320,CN010076717,CN427
4332,CN010076885,CN403
4389,CN010077140,CN403
4441,CN010077959,CN405
4606,CN010088648,CN407
4700,CN010088940,CN403
4725,CN010077695,CN407
4731,CN010077733,CN407
4746,CN010077767,CN401
4878,CN010090681,CN407
4901,CN010085064,CN416
5001,CN010077481,CN403
5002,CN010077489,CN403
5070,CN010077705,CN403
5158,CN010077977,CN407
5183,CN010081109,CN403
5226,HK010082834,HK001
5329,CN010085964,CN401
5426,CN010086601,CN403
5436,CN010086760,CN401
5559,CN010087011,CN403
5585,CN010108754,CN403
5599,CN010108825,CN403
5621,CN010109042,CN403
5695,CN010088595,CN428
5736,CN010088289,CN403
5780,CN010109497,CN401
5806,CN010043173,CN410
5850,CN010110482,CN405
5859,CN010110703,CN403
5867,CN010043251,CN403
5895,CN010110886,CN403
5912,CN010110890,CN401
5936,CN010111233,CN403
5938,CN010111267,CN417
5951,CN010044227,CN423
6016,CN010044879,CN401
6032,CN010044929,CN411
6033,CN010044934,CN401
6075,CN010088644,CN407
6105,CN010088799,CN405
6110,HK010092108,HK001
6216,CN010045050,CN413
6305,CN010090923,CN403
6757,CN010082926,CN403
6858,HK010085710,HK001
6873,CN010085988,CN405
6922,CN010087019,CN403
6937,CN010106023,CN401
6946,CN010106181,CN417
6997,CN010107435,CN416
7003,CN010107403,CN403
7022,CN010125279,CN401
7055,HK010107805,HK001
7068,CN010107965,CN403
7076,CN010125302,CN407
7171,CN010126138,CN403
7252,CN010108851,CN403
7561,HK010102780,HK040
7751,HK010105019,HK001
7844,CN010106614,CN405
7870,CN010122940,CN403
7872,CN010123027,CN403
8010,HK010117180,HK001
8196,CN010124636,CN401
8202,CN010124798,CN403
8446,CN010125359,CN405
8535,CN010139075,CN403
8556,CN010139112,CN403
8601,HK010114313,HK001
8648,HK010114215,HK001
8654,HK010114256,HK001
8669,HK010114706,HK001
8712,CN010140042,CN403
8714,CN010140046,CN403
8823,HK010115060,HK001
8848,CN010115496,CN401
8850,CN010140632,CN416
8853,CN010140658,CN403
8855,CN010117421,CN403
8879,CN010140894,CN403
9074,CN010108346,CN403
9078,CN010110544,CN403
9119,CN010110889,CN403
9153,CN010111285,CN407
9169,CN010111516,CN405
9217,CN010111744,CN401
9298,CN010109797,CN401
9389,CN010113706,CN403
9420,CN010045963,CN403
9474,CN010110897,CN416
9504,HK010152158,HK001
9795,CN010138907,CN403
9810,CN010139098,CN403
9830,CN010139265,CN403
9865,CN010139108,CN403
9866,CN010139126,CN403
9878,CN010157149,CN405
9887,CN010139468,CN403
9944,HK010159488,HK001
9948,CN010139467,CN403
10288,CN010160864,CN401
10322,CN010160899,CN401
10436,CN010159503,CN403
10459,CN010182827,CN403
10461,CN010183030,CN413
10505,CN010140433,CN403
10520,CN010140585,CN419
10574,HK010141950,HK001
10607,CN010143026,CN412
10654,CN010140611,CN413
10788,CN010142172,CN405
10880,CN010148654,CN401
10888,CN010163484,CN417
10920,CN010149247,CN401
10983,CN010150047,CN405
10992,CN010150173,CN407
10993,CN010150182,CN403
11045,CN010150552,CN401
11074,CN010150718,CN401
11192,CN010145970,CN401
11234,CN010146507,CN401
11248,CN010146834,CN414
11249,CN010146848,CN401
11276,CN010172500,CN401
11349,CN010149164,CN403
11394,CN010149597,CN417
11475,CN010150187,CN407
11477,CN010150203,CN407
11480,CN010150316,CN407
11483,CN010150336,CN415
11537,CN010125674,CN407
11545,HK010148534,HK001
11571,CN010148679,CN403
11583,CN010125721,CN403
11631,CN010126579,CN407
11678,HK010126965,HK001
11750,CN010149844,CN407
11789,CN010150194,CN407
11827,CN010150465,CN405
11876,CN010150753,CN407
11880,HK010150802,HK001
11956,CN010133134,CN403
12031,CN010160500,CN401
12058,CN010160786,CN401
12073,CN010000005,CN401
12097,CN010183666,CN403
12103,CN010183667,CN403
12124,CN010184507,CN403
12227,CN010186099,CN401
12521,CN010187018,CN405
12563,CN010188339,CN407
12616,CN010205119,CN401
12641,CN010188281,CN401
12644,CN010188291,CN401
12652,CN010188329,CN417
12690,CN010205506,CN401
12704,HK010189017,HK001
12937,HK010195217,HK040
12958,CN010191011,CN405
12966,CN010196230,CN403
13009,CN010181492,CN403
13084,CN010182082,CN403
13093,HK010194181,HK001
13121,CN010182299,CN416
13171,CN010201432,CN419
13199,CN010184263,CN405
13202,CN010184435,CN406
13238,CN010183167,CN413
13256,CN010184518,CN403
13321,CN010185902,CN413
13333,CN010186092,CN401
13357,CN010203465,CN401
13390,CN010186897,CN407
13396,HK010203647,HK040
13416,CN010203859,CN403
13434,CN010187293,CN401
13489,CN010187886,CN401
13507,CN010188233,CN401
13512,CN010188324,CN407
13518,CN010188481,CN401
13526,CN010188497,CN401
13595,CN010177271,CN403
13635,CN010189235,CN419
13644,HK010189348,HK001
13753,HK010173708,HK001
13922,CN010179819,CN410
13927,CN010180043,CN410
13941,CN010191082,CN405
13957,CN010180875,CN403
13961,CN010181143,CN403
14000,CN010182085,CN403
14005,CN010205362,CN401
14050,CN010237289,CN410
14083,CN010237317,CN411
14130,CN010237323,CN419
14232,CN010223132,CN405
14307,CN010237592,CN401
14408,CN010228015,CN403
14614,CN010239381,CN403
14657,CN010231513,CN401
14793,CN010241107,CN403
14856,CN010237149,CN403
14892,CN010237241,CN403
14964,CN010237335,CN416
15058,CN010202614,CN413
15090,CN010202687,CN409
15091,CN010202689,CN401
15096,CN010202714,CN403
15104,CN010230743,CN403
15127,CN010231737,CN401
15136,CN010205985,CN403
15256,CN010203613,CN401
15363,CN010213231,CN405
15385,CN010237104,CN403
15387,CN010237107,CN403
15444,CN010237193,CN403
15477,CN010237250,CN403
15481,CN010046538,CN403
15661,CN010202583,CN403
15742,CN010202707,CN416
15778,CN010202859,CN407
15796,CN010224435,CN401
15863,HK010201689,HK001
15898,CN010228102,CN403
15901,CN010203612,CN407
15910,HK010203631,HK001
15911,HK010203639,HK001
15957,CN010202541,CN403
15968,CN010203866,CN401
15982,CN010204330,CN401
15998,CN010204419,CN401
16008,CN010245740,CN401
16045,CN010248256,CN423
16047,HK010248279,HK001
16074,HK010231009,HK001
16130,HK010248714,HK040
16166,CN010237763,CN405
16227,CN010251460,CN401
16246,HK010238997,HK070
16297,CN010253423,CN405
16309,HK010240209,HK070
16350,CN010234671,CN409
16397,CN010234688,CN417
16399,CN010234695,CN417
16408,CN010257017,CN401
16445,CN010236390,CN403
16457,HK010244882,HK001
16492,CN010245182,CN401
16526,HK010259594,HK001
16549,CN010260663,CN415
16556,CN010240687,CN403
16557,HK010240697,HK001
16563,CN010240718,CN403
16582,CN010242224,CN401
16649,CN010263383,CN403
16657,HK010244868,HK001
16662,CN010263631,CN419
16675,CN010263478,CN403
16686,HK010244883,HK001
16687,HK010244888,HK001
16714,HK010244905,HK001
16715,HK010244906,HK001
16723,HK010244916,HK001
16724,CN010244917,CN403
16840,CN010263722,CN405
16884,CN010251452,CN403
16922,CN010253361,CN420
16927,CN010264926,CN427
16941,CN010254074,CN407
16953,CN010264896,CN401
17006,CN010259456,CN403
17008,CN010259505,CN401
17029,CN010237240,CN403
17030,CN010237244,CN403
17067,HK010259575,HK001
17074,CN010259819,CN401
17127,CN010237439,CN403
17136,HK010249117,HK001
17176,CN010237524,CN412
17201,CN010260888,CN401
17226,CN010261497,CN401
17236,CN010237589,CN401
17302,CN010262514,CN403
17329,CN010263351,CN403
17393,CN010237768,CN405
17394,CN010237769,CN405
17464,HK010238972,HK040
17494,CN010263507,CN403
17498,CN010263520,CN403
17506,CN010263369,CN403
17527,CN010263439,CN416
17547,CN010270182,CN401
17562,CN010263497,CN403
17564,CN010263502,CN403
17576,CN010263519,CN403
17578,CN010263535,CN403
17581,CN010270240,CN401
17614,CN010272196,CN403
17734,CN010275201,CN401
17746,CN010263680,CN407
17898,HK010280974,HK040
17949,CN010264915,CN405
18112,CN010265710,CN401
18124,CN010286165,CN415
18230,CN010266680,CN403
18323,CN010288887,CN405
18328,CN010289263,CN403
18359,CN010267653,CN403
18447,CN010292023,CN403
18496,CN010268863,CN405
18529,CN010303317,CN401
18536,CN010303501,CN403
18542,CN010303320,CN401
18551,CN010303381,CN403
18566,CN010303466,CN411
18568,CN010303471,CN411
18597,CN010303528,CN416
18622,CN010303554,CN416
18629,CN010303582,CN403
18649,CN010303761,CN409
18654,CN010304278,CN414
18670,CN010304763,CN401
18702,CN010304051,CN401
18756,CN010305451,CN412
18762,CN010305494,CN405
18792,CN010305501,CN401
18841,CN010305615,CN429
18866,CN010305726,CN401
18869,CN010305736,CN413
18875,CN010305565,CN405
18901,CN010305795,CN403
18907,CN010286337,CN403
18909,CN010286428,CN401
18945,CN010305621,CN413
18951,CN010305835,CN407
18952,CN010305846,CN405
18966,CN010288558,CN401
19029,CN010265666,CN401
19083,CN010265658,CN401
19189,CN010266253,CN401
19265,CN010260648,CN401
19308,CN010261514,CN403
19351,CN010267396,CN403
19377,CN010262516,CN406
19401,CN010267594,CN401
19454,HK010268391,HK001
19470,CN010263345,CN403
19474,CN010263363,CN403
19496,CN010268583,CN403
19541,CN010293982,CN429
19578,CN010294636,CN403
19579,CN010294637,CN403
19843,CN010301133,CN401
19885,CN010300488,CN401
19977,CN010303379,CN401
20040,CN010305818,CN405
20064,CN010305927,CN405
20084,HK010307836,HK070
20245,CN010294399,CN409
20278,CN010294655,CN414
20296,CN010294912,CN403
20321,HK010313056,HK001
20324,CN010313075,CN405
20355,HK010313097,HK001
20367,HK010313102,HK001
20403,CN010313429,CN403
20412,CN010313862,CN401
20421,CN010314266,CN401
20423,CN010310732,CN403
20441,CN010310965,CN407
20456,HK010316338,HK001
20485,HK010316375,HK001
20580,CN010313915,CN403
20676,CN010303362,CN401
20677,CN010303367,CN422
20711,CN010303406,CN403
20736,CN010303472,CN411
20738,CN010303477,CN403
20739,CN010303481,CN403
20740,CN010303484,CN403
20771,CN010303533,CN419
20776,CN010316405,CN401
20794,CN010317126,CN401
20842,CN010323049,CN401
20850,CN010318136,CN401
20930,CN010320332,CN401
20944,CN010325196,CN401
20962,CN010321014,CN401
20968,CN010305492,CN401
20975,CN010305526,CN401
20983,CN010305539,CN401
21035,CN010327273,CN405
21118,CN010328319,CN403
21133,CN010328361,CN403
21149,CN010328398,CN403
21153,CN010326628,CN412
21219,CN010327911,CN403
21223,CN010328013,CN415
21225,CN010305854,CN405
21227,CN010305858,CN407
21234,CN010328499,CN403
21260,CN010305924,CN401
21292,CN010328329,CN403
21318,CN010328644,CN407
21325,CN010328972,CN405
21348,CN010328384,CN403
21355,CN010329062,CN420
21373,HK010329262,HK001
21375,HK010329270,HK070
21387,CN010328444,CN403
21404,CN010328477,CN403
21407,CN010328489,CN403
21426,CN010328533,CN403
21453,CN010328603,CN405
21468,CN010330716,CN403
21492,CN010328628,CN405
21498,CN010328665,CN405
21500,CN010328671,CN403
21514,CN010331476,CN405
21554,HK010313055,HK001
21617,HK010313105,HK001
21750,CN010332598,CN405
21758,HK010316348,HK001
21760,HK010316354,HK001
21766,CN010333287,CN401
21767,HK010316363,HK001
21781,CN010332252,CN401
21864,CN010317047,CN407
21889,CN010334886,CN401
21933,CN010332474,CN401
21948,CN010317625,CN401
22160,CN010352713,CN417
22173,CN010328576,CN403
22232,CN010352712,CN417
22298,CN010329061,CN401
22329,CN010356178,CN403
22364,CN010356267,CN403
22381,CN010356304,CN403
22389,CN010356245,CN403
22416,CN010356272,CN403
22427,CN010356303,CN403
22461,CN010356419,CN413
22468,CN010356477,CN419
22471,CN010356404,CN419
22479,CN010356483,CN419
22490,CN010356427,CN413
22515,CN010333288,CN401
22523,CN010318526,CN403
22549,CN010318808,CN403
22555,CN010333726,CN403
22565,CN010318966,CN401
22566,HK010318967,HK001
22584,CN010319610,CN401
22587,CN010319985,CN401
22613,CN010337005,CN415
22634,CN010321413,CN403
22698,HK010322770,HK001
22716,CN010323135,CN401
22736,HK010335240,HK001
22741,CN010324395,CN401
22784,CN010335662,CN401
22790,CN010335711,CN401
22820,CN010336967,CN417
22832,HK010326201,HK040
22906,CN010338578,CN401
22923,CN010339065,CN401
22984,CN010340648,CN401
22993,CN010328244,CN407
23009,CN010356466,CN413
23011,CN010356479,CN419
23023,CN010356553,CN403
23026,CN010356510,CN403
23034,CN010356558,CN403
23037,CN010356568,CN403
23039,CN010356578,CN403
23117,CN010332264,CN401
23230,CN010359648,CN415
23250,CN010359680,CN406
23255,CN010359697,CN407
23275,CN010359744,CN401
23326,CN010359746,CN401
23329,CN010332565,CN401
23374,CN010333299,CN401
23376,CN010333309,CN407
23521,CN010334958,CN403
23543,CN010362770,CN401
23559,CN010362618,CN407
23567,CN010362634,CN403
23613,CN010362761,CN401
23625,CN010362778,CN401
23628,CN010362789,CN401
23629,CN010335465,CN407
23646,CN010362795,CN401
23668,CN010336093,CN401
23670,CN010364586,CN401
23764,CN010363878,CN401
23791,CN010368017,CN401
23821,CN010365660,CN401
23848,CN010338054,CN420
23858,HK010369517,HK001
23893,CN010368446,CN405
23904,CN010371892,CN403
23926,CN010339063,CN401
23982,CN010375122,CN403
24011,HK010395563,HK040
24017,CN010396128,CN409
24031,CN010389645,CN401
24039,CN010397065,CN401
24064,HK010390324,HK001
24106,CN010362718,CN401
24128,CN010362754,CN401
24157,CN010362802,CN401
24240,CN010393157,CN714
24256,CN010363825,CN403
24268,CN010393168,CN773
24301,CN010393277,CN414
24489,CN010366458,CN401
24561,CN010396994,CN401
24563,CN010368016,CN405
24695,CN010397631,CN403
24705,CN010402730,CN401
24720,CN010398058,CN401
24766,CN010373764,CN405
24785,CN010373939,CN405
24885,CN010406104,CN403
24953,CN010407436,CN403
24999,CN010402184,CN722
25006,HK010379502,HK001
25017,CN010387844,CN422
25203,CN010392856,CN407
25211,CN010359333,CN403
25265,CN010359685,CN407
25279,CN010393553,CN401
25284,HK010382500,HK001
25325,CN010383919,CN401
25378,HK010386790,HK001
25434,CN010387770,CN422
25450,CN010387790,CN422
25467,HK010361397,HK001
25496,CN010395092,CN403
25502,CN010376287,CN401
25506,CN010371547,CN401
25589,HK010379199,HK040
25668,CN010376856,CN403
25728,CN010352714,CN417
25805,HK010382475,HK001
25807,CN010356201,CN403
25808,CN010356214,CN403
25809,CN010356219,CN415
25811,CN010356229,CN403
25817,CN010356251,CN403
25850,HK010382513,HK001
25863,CN010356369,CN410
25870,HK010383503,HK001
25884,CN010356403,CN403
25894,CN010356410,CN413
25898,HK010356429,HK001
25902,CN010385281,CN403
25905,CN010356442,CN403
25929,CN010356487,CN416
25933,CN010356521,CN414
25948,HK010386801,HK001
25977,CN010387777,CN422
25989,CN010356579,CN403
26009,CN010378973,CN414
26018,CN010402700,CN401
26082,CN010411949,CN403
26265,CN010405997,CN405
26301,CN010385053,CN403
26312,CN010421347,CN403
26403,CN010387772,CN422
26409,CN010387819,CN428
26411,CN010387825,CN422
26412,CN010387826,CN422
26413,CN010387831,CN422
26422,HK010388095,HK070
26456,CN010389136,CN407
26471,CN010390325,CN407
26531,CN010391026,CN407
26543,CN010391064,CN405
26566,CN010427750,CN405
26576,CN010427768,CN405
26581,CN010427789,CN403
26594,CN010427843,CN405
26611,CN010428196,CN401
26627,CN010428246,CN401
26793,CN010422995,CN422
26808,CN010393555,CN401
26886,CN010432715,CN403
26887,CN010432717,CN403
26957,CN010432955,CN403
26966,CN010394045,CN405
26971,CN010394191,CN403
26973,CN010394204,CN403
26980,CN010394437,CN401
26994,CN010432977,CN403
27100,CN010396464,CN416
27102,CN010396481,CN416
27168,HK010429494,HK040
27177,CN010433363,CN401
27201,CN010433453,CN401
27213,CN010433464,CN401
27345,CN010432690,CN419
27347,CN010432693,CN416
27350,CN010432709,CN403
27353,CN010432725,CN403
27358,CN010432741,CN403
27375,CN010432780,CN403
27379,CN010432814,CN411
27418,CN010432870,CN413
27463,CN010432914,CN413
27464,CN010432917,CN413
27465,CN010432918,CN413
27536,HK010399913,HK001
27610,CN010433202,CN427
27701,CN010433485,CN401
27727,HK010444599,HK001
27785,CN010446179,CN401
27816,HK010447027,HK001
27936,HK010451461,HK001
27960,CN010401499,CN401
27961,CN010401506,CN401
28052,CN010483777,CN403
28108,CN010427925,CN405
28118,CN010485133,CN405
28241,CN010477185,CN403
28285,CN010490147,CN401
28382,CN010432718,CN403
28403,CN010432866,CN413
28412,CN010432915,CN413
28413,CN010432921,CN403
28414,CN010432926,CN416
28434,CN010432991,CN429
28504,CN010468035,CN403
28641,CN010469532,CN403
28709,HK010462215,HK040
28720,HK010462689,HK001
28755,CN010470385,CN405
28855,HK010466969,HK001
28892,CN010467396,CN403
29032,CN010402249,CN401
29128,HK010445040,HK001
29173,HK010459869,HK001
29174,HK010459874,HK001
29219,CN010461043,CN403
29229,HK010449669,HK001
29261,HK010451191,HK001
29276,HK010451276,HK001
29295,CN010451841,CN401
29305,CN010452522,CN403
29336,CN010453372,CN401
29362,CN010404982,CN403
29431,CN010405217,CN401
29442,CN010466892,CN405
29443,CN010466893,CN405
29467,CN010459142,CN403
29469,HK010467221,HK040
29476,CN010459843,CN405
29589,CN010474240,CN403
29696,HK010471319,HK070
29864,CN010422990,CN422
30012,CN010480796,CN403
30064,CN010433314,CN401
30101,CN010433416,CN401
30115,CN010433438,CN420
30117,CN010433444,CN423
30149,CN010483712,CN403
30281,HK010436505,HK001
30287,CN010487579,CN401
30824,HK010445002,HK001
30869,CN010508454,CN403
30986,CN010450278,CN401
31011,CN010451537,CN403
31012,CN010511775,CN401
31084,CN010452053,CN401
31249,HK010510476,HK001
31441,HK010456036,HK001
31610,CN010460937,CN403
31649,HK010513345,HK001
31661,CN010516446,CN403
31662,CN010516447,CN410
31736,CN010046996,CN407
31838,CN010518261,CN416
31907,HK010466921,HK001
31968,CN010520432,CN401
32011,CN010544009,CN401
32014,CN010544040,CN401
32015,CN010544240,CN403
32038,CN010545104,CN403
32042,HK010545436,HK001
32106,CN010550490,CN401
32107,CN010550584,CN430
32120,CN010550845,CN401
32142,CN010551549,CN403
32161,CN010552770,CN403
32165,HK010479719,HK001
32190,CN010553324,CN425
32191,CN010553325,CN425
32209,HK010548837,HK001
32221,CN010548939,CN401
32223,CN010549186,CN410
32244,HK010480878,HK040
32261,CN010550058,CN401
32262,CN010550065,CN401
32263,CN010550067,CN403
32332,CN010552250,CN401
32371,HK010554656,HK001
32376,CN010552879,CN405
32427,CN010483963,CN401
32428,CN010483970,CN401
32491,CN010485132,CN401
32575,CN010536324,CN417
32667,CN010534609,CN405
32706,CN010539656,CN403
32736,HK010541592,HK001
32771,CN010542518,CN403
32815,HK010474242,HK001
32820,CN010543855,CN403
32833,CN010544239,CN403
32839,CN010474821,CN401
32893,CN010546519,CN401
32898,CN010540827,CN403
32952,CN010546822,CN401
32992,CN010547643,CN401
33060,CN010555171,CN406
33082,CN010556342,CN403
33097,CN010554285,CN405
33112,CN010485170,CN401
33132,CN010557177,CN401
33337,CN010047032,CN401
33442,CN010560198,CN401
33470,CN010562478,CN417
33474,CN010563250,CN403
33536,CN010520000,CN401
33730,CN010522348,CN722
33804,CN010526485,CN405
33863,CN010472197,CN401
33876,CN010472439,CN403
33894,CN010529538,CN403
33913,HK010472877,HK001
33945,CN010473187,CN403
33954,HK010532479,HK001
33963,CN010527576,CN401
34090,CN010565140,CN403
34097,CN010565389,CN411
34109,CN010556823,CN403
34182,CN010558311,CN406
34190,CN010566731,CN401
34366,HK010496384,HK001
34444,HK010570767,HK001
34464,CN010573147,CN403
34479,CN010498892,CN403
34501,CN010560674,CN416
34604,CN010563238,CN401
34615,CN010563431,CN403
34714,CN010565394,CN422
34727,CN010565469,CN403
34811,HK010567046,HK040
34814,HK010567062,HK040
34847,HK010567705,HK001
34978,HK010570788,HK001
35140,HK010598573,HK001
36166,HK010519240,HK001
36215,CN010519945,CN403
36321,CN010523032,CN403
36362,HK010607087,HK001
36502,CN010525762,CN401
36562,CN010528044,CN403
36827,CN010625057,CN406
36862,CN010531794,CN428
36901,HK010629043,HK001
37035,CN010545875,CN401
37036,CN010545883,CN403
37065,HK010546520,HK070
37077,CN010546536,CN401
37130,CN010547639,CN401
37203,CN010549625,CN403
37214,CN010640900,CN726
37358,HK010641384,HK001
37580,CN010536487,CN405
37631,CN010537852,CN403
37641,CN010537866,CN401
37704,CN010640981,CN426
37985,CN010544606,CN407
38098,CN010668216,CN403
38176,CN010561120,CN401
38231,CN010685487,CN403
38289,CN010685188,CN416
38352,HK010563919,HK001
38511,HK010642085,HK001
38657,CN010554356,CN403
38950,HK010657062,HK001
39078,CN010556715,CN401
39361,CN010662304,CN407
39646,CN010567701,CN401
39675,CN010567804,CN401
39722,HK010568719,HK001
40219,HK010697514,HK001
40387,HK010692051,HK040
40431,CN010713269,CN403
40447,HK010692789,HK001
40456,CN010715824,CN417
41068,CN011002964,CN401
41135,CN010707130,CN717
41162,CN010707176,CN417
41243,CN011003712,CN403
41347,CN011004797,CN403
41350,CN011004814,CN403
41391,CN011005236,CN403
41514,CN010717719,CN403
41652,CN011001094,CN419
41653,CN011001100,CN403
41740,CN011001452,CN401
41741,CN011001523,CN401
41744,CN011001559,CN403
41762,CN011001855,CN403
42078,CN011001301,CN407
42108,CN011001842,CN405
42184,CN011003006,CN403
42299,HK011007113,HK001
42358,HK011003822,HK001
42396,HK011003932,HK001
42408,CN011004021,CN401
42489,HK011004401,HK001
42669,CN011007756,CN403
43251,CN011011184,CN403
43367,CN011009743,CN403
43388,CN010639534,CN403
43437,CN010640891,CN726
43449,CN011011654,CN403
43482,CN010640963,CN426
43522,CN010641018,CN426
43750,CN011013529,CN409
43933,HK011014796,HK001
44032,CN011015331,CN410
44043,CN011011255,CN403
44119,CN011015465,CN403
44255,CN011016469,CN403
44470,HK011017221,HK001
44506,HK011017344,HK040
44657,CN011013062,CN401
44841,HK011014896,HK001
44868,CN011015073,CN401
44893,HK011015415,HK001
44940,CN011018635,CN403
45098,HK011016363,HK001
45495,CN011017535,CN405
45758,HK011017879,HK001
45888,HK011018176,HK001
45951,CN010048020,CN407
46143,CN011018984,CN401
46146,HK011018998,HK001
46332,CN010677469,CN403
46350,CN010679768,CN401
46458,CN011020011,CN401
46460,CN011020050,CN430
46471,HK011020283,HK001
46528,CN010685508,CN403
46683,HK011021554,HK001
46684,CN011021557,CN401
46758,HK010405419,HK001
46843,CN011023816,CN401
47055,HK010406615,HK001
47087,CN010693119,CN403
47163,CN013715199,CN403
47299,CN013862547,CN403
47442,HK010407504,HK001
47758,CN010408134,CN403
48069,CN010703051,CN403
48150,CN010706996,CN403
48171,HK010407101,HK040
48263,CN010709399,CN403
48384,HK010409098,HK001
48483,HK010717086,HK040
48572,CN011001091,CN401
48587,CN011001120,CN416
48710,CN011001469,CN401
48738,CN011001639,CN401
48791,HK010409701,HK001
48801,CN011001950,CN403
49052,HK011002617,HK001
49129,CN011003169,CN403
49184,CN011003353,CN401
49423,CN011004265,CN401
49542,CN011004630,CN403
49544,CN010760569,CN405
49564,CN011004713,CN401
49694,CN011004897,CN403
49779,CN011005242,CN403
49994,HK011006344,HK040
50002,CN010771779,CN401
50006,CN010771789,CN401
50484,CN010771135,CN401
50578,CN011006884,CN403
50666,CN010760192,CN407
50765,CN010760383,CN407
51078,CN010772612,CN405
51105,CN010772707,CN401
51290,CN010771870,CN401
51364,CN010772084,CN401
51391,CN011009644,CN403
51484,CN010773449,CN405
51516,CN011009739,CN403
51517,CN011009741,CN403
51773,CN010772909,CN401
51804,CN010773974,CN401
51825,CN011009923,CN403
52152,CN010780621,CN403
52259,CN010780833,CN403
52298,CN011010625,CN430
52484,CN011010741,CN403
52730,CN011010231,CN403
52758,CN01077X834,CN401
52771,CN01077X849,CN401
52811,CN010773806,CN401
52824,CN010773820,CN412
52873,CN011010288,CN403
52874,CN011010298,CN405
52985,CN011010493,CN403
53212,HK011011030,HK001
53522,HK011013268,HK001
53660,HK011014462,HK001
53697,CN010782318,CN403
53751,CN011015233,CN405
53969,CN01078X479,CN403
53972,CN011016040,CN405
54113,CN010782812,CN403
54605,CN01078X234,CN403
54617,CN010782712,CN403
54631,CN011011674,CN403
54831,CN010782999,CN403
54881,CN011011953,CN403
54933,CN010783066,CN403
54957,CN010781991,CN403
55218,CN011017864,CN403
55253,HK011017925,HK001
55351,HK011018025,HK001
55565,CN0107H0123,CN403
55571,CN0107H0152,CN403
55572,CN0107H0153,CN403
55595,CN0107H0278,CN403
55609,CN0107H0369,CN403
55759,HK011019052,HK001
55980,HK011021436,HK001
55983,CN011021447,CN403
56175,CN013711637,CN403
56184,CN013717732,CN403
56431,CN010050362,CN405
56700,HK010409884,HK001
56913,CN010760356,CN407
56936,CN010760482,CN407
56943,CN010760501,CN407
57273,HK010408066,HK001
57357,HK010408510,HK001
57483,HK010409059,HK001
57761,CN010771114,CN401
57819,CN010771363,CN401
57834,CN010057719,CN403
57863,CN010057775,CN403
57931,CN010771792,CN401
57933,CN010057786,CN403
57947,CN010771837,CN401
58030,CN010057821,CN403
58051,CN010057841,CN405
58053,CN010057847,CN403
58106,CN010772452,CN401
58119,CN010772504,CN401
58164,CN010772697,CN401
58175,CN010772742,CN401
58321,CN010773239,CN401
58346,CN010058198,CN403
58359,CN010773387,CN414
58399,CN010058277,CN403
58481,CN010058560,CN407
58535,CN010058605,CN410
59074,CN010062058,CN401
59141,CN010781359,CN407
59151,CN010781406,CN403
59263,CN010781781,CN403
59422,CN010069148,CN403
59698,CN010782917,CN403
59770,CN010076890,CN403
59779,CN010076902,CN401
59798,CN010077123,CN401
59860,HK010077624,HK001
60086,HK010106565,HK001
60088,CN010106600,CN413
60091,CN010106740,CN413
60114,HK010107437,HK001
60115,CN010107451,CN411
60165,CN010108834,CN403
60213,CN010109780,CN403
60242,CN010110030,CN403
60326,CN010111746,CN401
60399,HK010114658,HK001
60419,CN010115026,CN401
60658,CN0107B0013,CN413
60891,CN0107W0173,CN405
61012,HK010084284,HK001
61098,CN010087010,CN403
61195,CN010088831,CN405
61259,CN010090246,CN401
61261,CN010090251,CN403
61538,CN010120832,CN401
61670,CN010125296,CN407
61941,HK010137807,HK001
61981,CN010139041,CN403
62021,CN010139362,CN403
62073,CN010140625,CN403
62082,CN010140694,CN413
62103,CN010141684,CN403
62203,CN010146576,CN425
62220,HK010147073,HK040
62279,CN010149022,CN411
62283,CN010149186,CN401
62286,CN010149251,CN401
62295,CN010149591,CN417
62310,CN010149845,CN401
62366,CN010150672,CN405
62391,HK010151620,HK001
62434,CN010153310,CN401
62583,CN010160876,CN403
62584,CN010160881,CN403
62601,CN010161173,CN403
62703,CN010168672,CN401
62903,CN010179170,CN403
62911,CN010179843,CN403
62922,CN010180492,CN401
62927,CN010180691,CN411
62943,CN010181667,CN401
63005,CN010183465,CN403
63032,CN010185027,CN403
63043,CN010185330,CN407
63079,CN010186893,CN407
63085,CN010187017,CN405
63121,CN010188129,CN417
63127,CN010188321,CN401
63143,CN010188696,CN423
63173,HK010189341,HK001
63190,CN010190216,CN401
63238,CN010192711,CN403
63361,HK010202780,HK001
63401,CN010203867,CN401
63419,CN010204396,CN413
63783,CN010225678,CN401
63793,CN010226169,CN403
63829,CN010228140,CN403
63882,CN010230024,CN403
63940,CN010234689,CN417
64006,CN010237212,CN403
64028,CN010237277,CN403
64036,CN010237302,CN428
64045,CN010237336,CN405
64073,CN010237432,CN403
64109,CN010237615,CN401
64128,CN010237740,CN407
64134,CN010237770,CN405
64154,HK010237865,HK001
64244,CN010243032,CN401
64266,HK010244896,HK001
64270,HK010244912,HK001
64346,HK010250499,HK001
64350,HK010250965,HK001
64356,CN010251322,CN401
64364,CN010252083,CN409
64382,CN010253672,CN412
64434,CN010257306,CN422
64478,HK010259576,HK001
64519,CN010280456,CN403
64599,HK010285915,HK001
64607,CN010286171,CN415
64647,CN010288004,CN401
64690,CN010290034,CN403
64739,CN010293607,CN407
64813,CN010296495,CN401
64815,CN010296663,CN403
64833,HK010296974,HK001
64892,CN010302101,CN403
64917,CN010303314,CN401
64923,CN010303343,CN401
64968,CN010303499,CN403
65056,CN010263380,CN403
65058,CN010263386,CN403
65074,CN010263455,CN403
65106,CN010263646,CN413
65161,CN010264907,CN401
65247,HK010265974,HK001
65338,CN010267854,CN403
65389,CN010270907,CN403
65417,CN010275163,CN401
65429,CN010276049,CN403
65497,CN010278170,CN403
65556,CN010305599,CN403
65561,CN010305617,CN403
65567,CN010305647,CN428
65589,CN010305750,CN403
65600,CN010305809,CN407
65615,CN010305865,CN403
65661,HK010307860,HK001
65678,CN010308733,CN403
65722,HK010312179,HK001
65789,CN010316349,CN405
65797,HK010316524,HK001
65824,CN010318038,CN401
65837,CN010318528,CN411
65849,CN010319600,CN415
65888,CN010322533,CN401
65917,CN010323663,CN403
65922,CN010323792,CN403
66003,CN010328284,CN403
66043,CN010328497,CN403
66052,CN010328521,CN403
66083,CN010328670,CN403
66092,HK010329256,HK001
66102,HK010329616,HK001
66125,CN010330489,CN403
66140,HK010330862,HK001
66148,CN010331174,CN403
66155,CN010331537,CN405
66175,CN010332263,CN412
66272,CN010333256,CN403
66277,CN010333300,CN401
66280,CN010333307,CN401
66357,CN010335660,CN419
66367,HK010336088,HK001
66414,CN010337887,CN416
66454,CN010342516,CN413
66552,CN010352710,CN417
66556,CN010352732,CN409
66564,HK010353115,HK070
66595,CN010356179,CN403
66637,CN010356448,CN403
66722,CN010359669,CN407
66779,HK010361378,HK001
66824,CN010362751,CN401
66916,CN010365852,CN401
66950,HK010368322,HK001
67073,CN010379188,CN401
67102,HK010381251,HK040
67119,CN010382324,CN407
67130,HK010382490,HK001
67149,CN010383260,CN401
67191,HK010386795,HK001
67199,CN010387773,CN422
67200,CN010387774,CN422
67203,CN010387808,CN422
67228,CN010389647,CN401
67295,CN010393160,CN714
67296,CN010393162,CN777
67298,CN010393164,CN714
67318,CN010393237,CN414
67326,CN010393250,CN414
67327,CN010393253,CN414
67397,CN010394183,CN403
67422,CN010395572,CN401
67520,CN010397636,CN403
67524,CN010397736,CN403
67547,HK010398707,HK001
67663,CN010401849,CN722
67670,CN010402183,CN773
67832,HK010411608,HK001
67924,CN010418230,CN722
67942,CN010422989,CN422
68036,CN010427793,CN405
68049,CN010427851,CN415
68058,CN010427901,CN406
68134,CN010432630,CN416
68148,CN010432736,CN403
68179,CN010432864,CN413
68200,CN010433012,CN403
68202,CN010433016,CN403
68222,CN010433102,CN401
68259,CN010433353,CN403
68270,CN010433418,CN401
68276,CN010433443,CN401
68286,CN010433490,CN401
68762,CN010481350,CN403
68908,CN010491684,CN413
68938,CN010493809,CN407
69002,HK010444617,HK001
69015,CN010445013,CN771
69118,HK010451439,HK001
69124,CN010451735,CN401
69214,HK010459854,HK001
69216,HK010459883,HK001
69253,HK010462703,HK001
69343,CN010467231,CN405
69346,CN010467391,CN403
69354,CN010467724,CN413
69418,CN010469887,CN405
69509,CN010498701,CN403
69527,CN010499813,CN403
69830,CN010512401,CN401
70022,CN010517169,CN413
70165,CN010523747,CN409
70166,CN010523748,CN409
70177,CN010525258,CN403
70291,CN010534125,CN427
70348,CN010538154,CN401
70366,CN010539231,CN403
70375,CN010539621,CN420
70405,CN010542987,CN407
70470,CN010547644,CN401
70508,CN010550071,CN401
70516,CN010550844,CN403
70537,CN010551652,CN422
70567,CN010553343,CN725
70568,CN010553344,CN725
70618,CN010554236,CN401
70724,CN010555604,CN401
70733,HK010556339,HK001
70768,CN010557257,CN401
70774,CN010557801,CN403
70776,CN010557840,CN401
70777,HK010557842,HK001
70929,CN010560285,CN409
71035,CN010564341,CN403
71131,CN010568351,CN403
71257,HK010579249,HK001
72178,HK010637590,HK001
73086,CN010685247,CN403
73095,CN010685962,CN403
73118,CN010685187,CN403
73515,CN010703655,CN417
73524,CN010704221,CN417
73540,CN010705306,CN403
73693,CN011001326,CN403
73711,CN011001586,CN403
73722,CN011001768,CN403
73738,CN011002110,CN401
73776,CN011002662,CN401
73791,CN011002852,CN403
73800,HK011002952,HK001
73850,CN011003367,CN403
73866,CN011003525,CN403
73872,CN011003627,CN401
73908,CN011004001,CN403
74034,CN011005332,CN405
74081,HK011005672,HK001
74640,CN011011250,CN403
74720,CN011011653,CN403
74723,CN011011671,CN403
74797,CN011012116,CN419
74916,HK011014985,HK001
75024,CN011016438,CN419
75041,HK011016635,HK001
75052,HK011016752,HK001
75101,HK011017236,HK001
75214,HK011018163,HK001
75274,CN011018597,CN403
75300,HK011018785,HK001
75305,HK011018816,HK001
75462,HK011019988,HK040
75564,XC021021215,XC060
75642,CN011023818,CN401
75674,CN011024195,CN403
75777,CN013715725,CN401
75990,HK010405949,HK001
76059,HK010406603,HK001
76251,HK010407896,HK001
76731,CN010771380,CN401
76774,CN010771616,CN401
76859,CN010771919,CN401
76986,CN010772462,CN414
77062,CN010772783,CN407
77181,CN010773301,CN401
77198,CN010773368,CN401
77691,HK010409801,HK001
77890,CN010760377,CN407
77988,CN01076X068,CN407
78041,CN0107D0091,CN407
78099,CN0107H0184,CN403
78173,CN0107W0088,CN410
78463,CN010781037,CN401
78612,CN010781656,CN403
78692,CN010781998,CN403
78807,CN010782449,CN403
78857,CN010782680,CN403
78859,CN010782684,CN403
78927,CN010782980,CN403
79100,CN01078X424,CN403
79164,CN01078X716,CN403
238555,CN010529898,CN410
238577,CN011024551,CN773
246522,CN010702796,CN413
254497,CN010072365,CN403
254932,HK010313089,HK001
255040,HK010386783,HK001
255764,HK010530141,HK040
259987,HK010173496,HK001
260078,CN010295528,CN405
261996,HK011024689,HK001
262003,HK011024212,HK001
264856,"",CN407
265064,"",TW001
265066,"",TW001
265068,"",TW001
265080,"",TW001
265082,"",TW001
265084,"",TW001
265086,"",TW001
265088,"",TW001
265090,"",TW001
265101,"",TW001
265103,"",TW001
265105,"",TW001
265107,"",TW001
265108,"",TW001
265109,"",TW001
265110,"",TW001
265111,"",TW001
265112,"",TW001
265129,"",TW001
265130,"",TW001
265131,"",TW001
265132,"",TW001
265133,"",TW001
265134,"",TW001
265147,"",TW002
265148,"",TW002
265149,"",TW002
265158,"",TW002
265159,"",TW002
265160,"",TW002
265161,"",TW003
265162,"",TW003
265163,"",TW003
265164,"",TW003
265165,"",TW003
265166,"",TW003
265169,"",TW003
265170,"",TW003
265171,"",TW003
265172,"",TW003
265173,"",TW003
265174,"",TW003
265440,"",TW001
265441,"",TW001
265442,"",TW001
265443,"",TW001
265444,"",TW001
265445,"",TW001
265463,"",TW001
265464,"",TW001
265465,"",TW001
265466,"",TW001
265467,"",TW001
265468,"",TW001
265518,"",HK001
265519,"",HK001
266278,HK011024663,HK001
266280,HK011024733,HK001
266380,CN011024877,CN405
266393,HK011024894,HK040
266656,CN011024888,CN407
267362,HK011025008,HK001
267443,HK011025094,HK001
267471,HK011025003,HK001
267805,CN420,CN420
267828,"",CN201
268011,HK011025124,HK001
268786,"",CN407
268787,"",HK001
268788,"",HK001
268921,"",CN401
268922,"",CN401
268923,"",CN401
268929,"",CN401
268930,"",CN401
268931,"",CN401
268932,"",CN401
268934,"",CN401
268935,"",CN401
268936,"",CN401
268942,"",CN401
268943,"",CN401
268944,"",CN401
268945,"",CN401
268947,"",CN401
268948,"",CN401
268949,"",CN401
268955,"",CN401
268956,"",CN401
268957,"",CN401
268958,"",CN401
268959,"",CN401
268960,"",CN401
268961,"",CN401
268962,"",CN401
268963,"",CN401
268964,"",CN401
268965,"",CN401
268973,"",CN401
268974,"",CN401
268975,"",CN401
268981,"",CN401
268982,"",CN401
268983,"",CN401
268984,"",CN401
268986,"",CN401
268987,"",CN401
268988,"",CN401
268995,"",CN401
268997,"",CN411
268998,"",CN411
268999,"",CN411
269002,"",CN411
269003,"",CN411
269004,"",CN411
269005,"",CN411
269010,"",CN423
269011,"",CN423
269012,"",CN423
269015,"",CN423
269016,"",CN423
269017,"",CN423
269018,"",CN423
269023,"",CN415
269024,"",CN415
269025,"",CN415
269031,"",CN415
269032,"",CN415
269033,"",CN415
269034,"",CN415
269035,"",CN715
269036,"",CN715
269037,"",CN715
269038,"",CN715
269039,"",CN715
269041,"",CN409
269042,"",CN409
269043,"",CN409
269049,"",CN409
269050,"",CN409
269051,"",CN409
269052,"",CN409
269059,"",HK001
269072,"",CN405
269079,"",CN405
269080,"",CN405
269081,"",CN405
269088,"",CN405
269089,"",CN405
269091,"",CN407
269092,"",CN407
269093,"",CN407
269100,"",CN407
269101,"",CN407
269102,"",CN407
269104,"",CN407
269105,"",CN407
269106,"",CN407
269113,"",CN407
269114,"",CN407
269115,"",CN407
269116,"",CN407
269118,"",CN425
269119,"",CN425
269120,"",CN425
269127,"",CN425
269128,"",CN425
269129,"",CN425
269130,"",CN425
269132,"",CN428
269133,"",CN428
269134,"",CN428
269140,"",CN428
269141,"",CN428
269142,"",CN428
269143,"",CN428
269144,"",HK001
269150,"",HK001
269156,"",HK001
269162,"",HK001
269170,"",HK001
269176,"",HK001
269179,"",HK001
269180,"",HK001
269181,"",HK001
269182,"",HK001
269183,"",HK001
269184,"",HK001
269185,"",HK001
269186,"",HK001
269187,"",HK001
269188,"",HK001
269189,"",HK001
269190,"",HK001
269191,"",HK001
269192,"",HK001
269193,"",HK001
269194,"",HK001
269247,"",HK001
269248,"",HK001
269249,"",HK001
269250,"",HK001
269254,"",HK001
269256,"",HK001
269257,"",HK001
269258,"",HK001
269259,"",HK001
269260,"",HK001
269261,"",HK001
269262,"",HK001
269263,"",HK001
269264,"",HK001
269265,"",HK001
269266,"",HK001
269267,"",HK001
269268,"",HK001
269269,"",HK001
269270,"",HK001
269271,"",HK001
269272,"",HK001
269273,"",HK001
269274,"",HK001
269275,"",HK001
269276,"",HK001
269277,"",HK001
269278,"",HK001
269381,"",HK001
269382,"",HK001
269383,"",HK001
269384,"",HK001
269385,"",HK001
269386,"",HK001
269387,"",HK001
269388,"",HK001
269389,"",HK001
269390,"",HK001
269392,"",HK001
269393,"",HK001
269394,"",HK001
269395,"",HK001
269421,"",HK001
269466,"",HK070
269468,"",HK001
269578,"",CN413
269579,"",CN413
269580,"",CN413
269586,"",CN413
269587,"",CN413
269588,"",CN413
269589,"",CN413
269591,"",CN427
269592,"",CN427
269599,"",CN426
269600,"",CN426
269601,"",CN426
269607,"",CN426
269608,"",CN426
269609,"",CN426
269610,"",CN426
269611,"",HK070
269618,"",CN429
269619,"",CN429
269620,"",CN429
269626,"",CN429
269627,"",CN429
269628,"",CN429
269629,"",CN429
269631,"",CN419
269632,"",CN419
269633,"",CN419
269639,"",CN419
269640,"",CN419
269641,"",CN419
269642,"",CN419
269643,"",CN417
269644,"",CN417
269645,"",CN417
269651,"",CN417
269652,"",CN417
269653,"",CN417
269654,"",CN417
269657,"",CN403
269658,"",CN403
269659,"",CN403
269665,"",CN403
269666,"",CN403
269667,"",CN403
269668,"",CN403
269670,"",CN403
269671,"",CN403
269672,"",CN403
269678,"",CN403
269679,"",CN403
269680,"",CN403
269681,"",CN403
269683,"",CN403
269684,"",CN403
269685,"",CN403
269691,"",CN403
269692,"",CN403
269693,"",CN403
269694,"",CN403
269696,"",CN403
269697,"",CN403
269698,"",CN403
269704,"",CN403
269705,"",CN403
269706,"",CN403
269707,"",CN403
269709,"",CN403
269710,"",CN403
269711,"",CN403
269717,"",CN403
269718,"",CN403
269719,"",CN403
269720,"",CN403
269722,"",CN403
269723,"",CN403
269724,"",CN403
269730,"",CN403
269731,"",CN403
269732,"",CN403
269733,"",CN403
269735,"",CN416
269736,"",CN416
269737,"",CN416
269743,"",CN416
269744,"",CN416
269745,"",CN416
269746,"",CN416
269748,"",CN420
269749,"",CN420
269750,"",CN420
269756,"",CN420
269757,"",CN420
269758,"",CN420
269759,"",CN420
269761,"",CN405
269762,"",CN405
269763,"",CN405
269769,"",CN405
269770,"",CN405
269771,"",CN405
269772,"",CN405
269774,"",CN405
269781,"",CN405
269783,"",CN412
269784,"",CN412
269785,"",CN412
269792,"",CN430
269793,"",CN430
269794,"",CN430
269800,"",CN430
269801,"",CN430
269802,"",CN430
269803,"",CN430
269805,"",CN410
269806,"",CN410
269807,"",CN410
269813,"",CN410
269814,"",CN410
269815,"",CN410
269816,"",CN410
269818,"",CN414
269819,"",CN414
269820,"",CN414
269826,"",CN414
269827,"",CN414
269828,"",CN414
269829,"",CN414
269831,"",CN414
269832,"",CN414
269833,"",CN414
269839,"",CN414
269840,"",CN414
269841,"",CN414
269842,"",CN414
269854,"",CN406
269855,"",CN406
269856,"",CN406
269858,"",CN406
269859,"",CN406
269860,"",CN406
269861,"",CN406
269863,"",CN406
269864,"",CN406
269865,"",CN406
269867,"",CN406
269868,"",CN406
269869,"",CN406
269870,"",CN406
269871,"",CN406
269873,"",CN422
269874,"",CN422
269875,"",CN422
269881,"",CN422
269882,"",CN422
269883,"",CN422
269884,"",CN422
269886,"",CN771
269887,"",CN771
269888,"",CN771
269894,"",CN771
269895,"",CN771
269896,"",CN771
269897,"",CN771
269899,"",CN777
269900,"",CN777
269901,"",CN777
269907,"",CN777
269908,"",CN777
269909,"",CN777
269910,"",CN777
269911,"",CN725
269913,"",CN725
269914,"",CN725
269918,"",CN725
269919,"",CN725
269920,"",CN725
269921,"",CN725
269925,"",CN726
269926,"",CN726
269932,"",CN726
269933,"",CN717
269934,"",CN717
269941,"",CN717
269943,"",CN714
269944,"",CN714
269945,"",CN714
269951,"",CN714
269952,"",CN714
269953,"",CN714
269954,"",CN714
269956,"",CN722
269957,"",CN722
269958,"",CN722
269964,"",CN722
269965,"",CN722
269966,"",CN722
